image_id,confidence
0,0.7678313255310059
1,0.26047852635383606
2,0
3,0
4,0.36461707949638367
5,0.907158613204956
6,0.6563631296157837
7,0.9962511658668518
